login,name,company,location,email,hireable,bio,public_repos,followers,following,created_at
emmabostian,,,,,,,0,0,0,
emilk,,,,,,,0,0,0,
mpj,,,,,,,0,0,0,
hrydgard,,,,,,,0,0,0,
eriklindernoren,,,,,,,0,0,0,
spotify,,,,,,,0,0,0,
arvidn,,,,,,,0,0,0,
aladdinpersson,,,,,,,0,0,0,
khaosdoctor,,,,,,,0,0,0,
Mojang,,,,,,,0,0,0,
joearms,,,,,,,0,0,0,
emilbjornson,,,,,,,0,0,0,
Dinnerbone,,,,,,,0,0,0,
fornwall,,,,,,,0,0,0,
victorbjorklund,,,,,,,0,0,0,
wader,,,,,,,0,0,0,
bella-silveira,,,,,,,0,0,0,
davidsandberg,,,,,,,0,0,0,
Nyholm,,,,,,,0,0,0,
xNotch,,,,,,,0,0,0,
dejwid,,,,,,,0,0,0,
ivanpaulovich,,,,,,,0,0,0,
marcusolsson,,,,,,,0,0,0,
EmbarkStudios,,,,,,,0,0,0,
torkelo,,,,,,,0,0,0,
AhsanAyaz,,,,,,,0,0,0,
Grimler91,,,,,,,0,0,0,
satansdeer,,,,,,,0,0,0,
marmelroy,,,,,,,0,0,0,
LinusU,,,,,,,0,0,0,
